<?xml version="1.0" encoding="UTF-8"?>
<project-private xmlns="http://www.netbeans.org/ns/project-private/1">
    <editor-bookmarks xmlns="http://www.netbeans.org/ns/editor-bookmarks/2" lastBookmarkId="0"/>
    <open-files xmlns="http://www.netbeans.org/ns/projectui-open-files/2">
        <group>
            <file>file:/C:/Users/user/OneDrive/Documents/library/src/jframe/DBConnection.java</file>
            <file>file:/C:/Users/user/OneDrive/Documents/library/src/jframe/ManageBooks.java</file>
            <file>file:/C:/Users/user/OneDrive/Documents/library/src/library/Library.java</file>
            <file>file:/C:/Users/user/OneDrive/Documents/library/src/jframe/ManageStudent.java</file>
            <file>file:/C:/Users/user/OneDrive/Documents/library/src/jframe/ReturnBook.java</file>
            <file>file:/C:/Users/user/OneDrive/Documents/library/src/jframe/LoginPage.java</file>
            <file>file:/C:/Users/user/OneDrive/Documents/library/src/jframe/HomePage.java</file>
            <file>file:/C:/Users/user/OneDrive/Documents/library/src/jframe/ViewRecord.java</file>
            <file>file:/C:/Users/user/OneDrive/Documents/library/src/jframe/DefaulterList.java</file>
            <file>file:/C:/Users/user/OneDrive/Documents/library/src/jframe/IssueBook.java</file>
            <file>file:/C:/Users/user/OneDrive/Documents/library/src/jframe/SignupPage.java</file>
            <file>file:/C:/Users/user/OneDrive/Documents/library/build.xml</file>
            <file>file:/C:/Users/user/OneDrive/Documents/library/manifest.mf</file>
        </group>
    </open-files>
</project-private>
